Workbook

Sheet raw data
A1: gender | B1: race/ethnicity | C1: parental level of education | D1: lunch | E1: test preparation course | F1: math score | G1: reading score | H1: writing score
A2: female | B2: group B | C2: bachelor's degree | D2: standard | E2: none | F2: 72 | G2: 72 | H2: 74
A3: female | B3: group C | C3: some college | D3: standard | E3: completed | F3: 69 | G3: 90 | H3: 88
A4: female | B4: group B | C4: master's degree | D4: standard | E4: none | F4: 90 | G4: 95 | H4: 93
A5: male | B5: group A | C5: associate's degree | D5: free/reduced | E5: none | F5: 47 | G5: 57 | H5: 44
A6: male | B6: group C | C6: some college | D6: standard | E6: none | F6: 76 | G6: 78 | H6: 75
A7: female | B7: group B | C7: associate's degree | D7: standard | E7: none | F7: 71 | G7: 83 | H7: 78
A8: female | B8: group B | C8: some college | D8: standard | E8: completed | F8: 88 | G8: 95 | H8: 92
A9: male | B9: group B | C9: some college | D9: free/reduced | E9: none | F9: 40 | G9: 43 | H9: 39
A10: male | B10: group D | C10: high school | D10: free/reduced | E10: completed | F10: 64 | G10: 64 | H10: 67
A11: female | B11: group B | C11: high school | D11: free/reduced | E11: none | F11: 38 | G11: 60 | H11: 50
A12: male | B12: group C | C12: associate's degree | D12: standard | E12: none | F12: 58 | G12: 54 | H12: 52
A13: male | B13: group D | C13: associate's degree | D13: standard | E13: none | F13: 40 | G13: 52 | H13: 43
... A1001: female | B1001: group D | C1001: some college | D1001: free/reduced | E1001: none | F1001: 77 | G1001: 86 | H1001: 86

Sheet clean data
A1: Gender | B1: Race/ethnicity | C1: Parental level of education | D1: Lunch | E1: Test preparation course | F1: Math score | G1: Reading score | H1: Writing score | I1: Total score | J1: Average score | K1: Pass/fail status
A2: =PROPER(TRIM('raw data'!A2)) -> Female | B2: =PROPER(TRIM('raw data'!B2)) -> Group B | C2: =PROPER(TRIM('raw data'!C2)) -> Bachelor'S Degree | D2: =PROPER(TRIM('raw data'!D2)) -> Standard | E2: =PROPER(TRIM('raw data'!E2)) -> None | F2: 72 | G2: 72 | H2: 74 | I2: =F2+G2+H2 -> 218 | J2: =I2/3 -> 72.666667 | K2: =IF(J2>=40,"pass","fail") -> pass
A3: =PROPER(TRIM('raw data'!A3)) -> Female | B3: =PROPER(TRIM('raw data'!B3)) -> Group C | C3: =PROPER(TRIM('raw data'!C3)) -> Some College | D3: =PROPER(TRIM('raw data'!D3)) -> Standard | E3: =PROPER(TRIM('raw data'!E3)) -> Completed | F3: 69 | G3: 90 | H3: 88 | I3: =F3+G3+H3 -> 247 | J3: =I3/3 -> 82.333333 | K3: =IF(J3>=40,"pass","fail") -> pass
A4: =PROPER(TRIM('raw data'!A4)) -> Female | B4: =PROPER(TRIM('raw data'!B4)) -> Group B | C4: =PROPER(TRIM('raw data'!C4)) -> Master'S Degree | D4: =PROPER(TRIM('raw data'!D4)) -> Standard | E4: =PROPER(TRIM('raw data'!E4)) -> None | F4: 90 | G4: 95 | H4: 93 | I4: =F4+G4+H4 -> 278 | J4: =I4/3 -> 92.666667 | K4: =IF(J4>=40,"pass","fail") -> pass
A5: =PROPER(TRIM('raw data'!A5)) -> Male | B5: =PROPER(TRIM('raw data'!B5)) -> Group A | C5: =PROPER(TRIM('raw data'!C5)) -> Associate'S Degree | D5: =PROPER(TRIM('raw data'!D5)) -> Free/Reduced | E5: =PROPER(TRIM('raw data'!E5)) -> None | F5: 47 | G5: 57 | H5: 44 | I5: =F5+G5+H5 -> 148 | J5: =I5/3 -> 49.333333 | K5: =IF(J5>=40,"pass","fail") -> pass
A6: =PROPER(TRIM('raw data'!A6)) -> Male | B6: =PROPER(TRIM('raw data'!B6)) -> Group C | C6: =PROPER(TRIM('raw data'!C6)) -> Some College | D6: =PROPER(TRIM('raw data'!D6)) -> Standard | E6: =PROPER(TRIM('raw data'!E6)) -> None | F6: 76 | G6: 78 | H6: 75 | I6: =F6+G6+H6 -> 229 | J6: =I6/3 -> 76.333333 | K6: =IF(J6>=40,"pass","fail") -> pass
A7: =PROPER(TRIM('raw data'!A7)) -> Female | B7: =PROPER(TRIM('raw data'!B7)) -> Group B | C7: =PROPER(TRIM('raw data'!C7)) -> Associate'S Degree | D7: =PROPER(TRIM('raw data'!D7)) -> Standard | E7: =PROPER(TRIM('raw data'!E7)) -> None | F7: 71 | G7: 83 | H7: 78 | I7: =F7+G7+H7 -> 232 | J7: =I7/3 -> 77.333333 | K7: =IF(J7>=40,"pass","fail") -> pass
A8: =PROPER(TRIM('raw data'!A8)) -> Female | B8: =PROPER(TRIM('raw data'!B8)) -> Group B | C8: =PROPER(TRIM('raw data'!C8)) -> Some College | D8: =PROPER(TRIM('raw data'!D8)) -> Standard | E8: =PROPER(TRIM('raw data'!E8)) -> Completed | F8: 88 | G8: 95 | H8: 92 | I8: =F8+G8+H8 -> 275 | J8: =I8/3 -> 91.666667 | K8: =IF(J8>=40,"pass","fail") -> pass
A9: =PROPER(TRIM('raw data'!A9)) -> Male | B9: =PROPER(TRIM('raw data'!B9)) -> Group B | C9: =PROPER(TRIM('raw data'!C9)) -> Some College | D9: =PROPER(TRIM('raw data'!D9)) -> Free/Reduced | E9: =PROPER(TRIM('raw data'!E9)) -> None | F9: 40 | G9: 43 | H9: 39 | I9: =F9+G9+H9 -> 122 | J9: =I9/3 -> 40.666667 | K9: =IF(J9>=40,"pass","fail") -> pass
A10: =PROPER(TRIM('raw data'!A10)) -> Male | B10: =PROPER(TRIM('raw data'!B10)) -> Group D | C10: =PROPER(TRIM('raw data'!C10)) -> High School | D10: =PROPER(TRIM('raw data'!D10)) -> Free/Reduced | E10: =PROPER(TRIM('raw data'!E10)) -> Completed | F10: 64 | G10: 64 | H10: 67 | I10: =F10+G10+H10 -> 195 | J10: =I10/3 -> 65 | K10: =IF(J10>=40,"pass","fail") -> pass
A11: =PROPER(TRIM('raw data'!A11)) -> Female | B11: =PROPER(TRIM('raw data'!B11)) -> Group B | C11: =PROPER(TRIM('raw data'!C11)) -> High School | D11: =PROPER(TRIM('raw data'!D11)) -> Free/Reduced | E11: =PROPER(TRIM('raw data'!E11)) -> None | F11: 38 | G11: 60 | H11: 50 | I11: =F11+G11+H11 -> 148 | J11: =I11/3 -> 49.333333 | K11: =IF(J11>=40,"pass","fail") -> pass
A12: =PROPER(TRIM('raw data'!A12)) -> Male | B12: =PROPER(TRIM('raw data'!B12)) -> Group C | C12: =PROPER(TRIM('raw data'!C12)) -> Associate'S Degree | D12: =PROPER(TRIM('raw data'!D12)) -> Standard | E12: =PROPER(TRIM('raw data'!E12)) -> None | F12: 58 | G12: 54 | H12: 52 | I12: =F12+G12+H12 -> 164 | J12: =I12/3 -> 54.666667 | K12: =IF(J12>=40,"pass","fail") -> pass
A13: =PROPER(TRIM('raw data'!A13)) -> Male | B13: =PROPER(TRIM('raw data'!B13)) -> Group D | C13: =PROPER(TRIM('raw data'!C13)) -> Associate'S Degree | D13: =PROPER(TRIM('raw data'!D13)) -> Standard | E13: =PROPER(TRIM('raw data'!E13)) -> None | F13: 40 | G13: 52 | H13: 43 | I13: =F13+G13+H13 -> 135 | J13: =I13/3 -> 45 | K13: =IF(J13>=40,"pass","fail") -> pass
... A1001: =PROPER(TRIM('raw data'!A1001)) -> Female | B1001: =PROPER(TRIM('raw data'!B1001)) -> Group D | C1001: =PROPER(TRIM('raw data'!C1001)) -> Some College | D1001: =PROPER(TRIM('raw data'!D1001)) -> Free/Reduced | E1001: =PROPER(TRIM('raw data'!E1001)) -> None | F1001: 77 | G1001: 86 | H1001: 86 | I1001: =F1001+G1001+H1001 -> 249 | J1001: =I1001/3 -> 83 | K1001: =IF(J1001>=40,"pass","fail") -> pass

Sheet pt 1
A1: Row Labels | B1: Average of average score
A2: associate's degree | B2: 69.569069
A3: bachelor's degree | B3: 71.923729
A4: high school | B4: 63.096939
A5: master's degree | B5: 73.59887
A6: some college | B6: 68.476401
A7: some high school | B7: 65.108007
A8: Grand Total | B8: 67.770667
D20: Insight:
D22: Students whose parents have a Master’s or Bachelor’s degree get the highest marks.
D24: Higher education at home helps students perform better in school.

Sheet pt 2
A1: Row Labels | B1: Average of math score | C1: Average of reading score | D1: Average of writing score
A2: completed | B2: 69.695531 | C2: 73.893855 | D2: 74.418994
A3: none | B3: 64.077882 | C3: 66.534268 | D3: 64.504673 | G3: Insight:
A4: Grand Total | B4: 66.089 | C4: 69.169 | D4: 68.054
G5: Students who completed the preparation course scored much higher than those who didn't.
G7: Taking a special coaching or prep course is the best way to improve grades.

Sheet pt 3
A1: Row Labels | B1: Average of average score
A2: female | B2: 69.569498
A3: male | B3: 65.837483
A4: Grand Total | B4: 67.770667 | I4: Insight:
I6: Female students are better at Reading and Writing.
I8: Male students are slightly better at Mathematics.
I10: Overall, both boys and girls perform almost equally.

Sheet pt 4
A1: Row Labels | B1: Average of total score
A2: free/reduced | B2: 186.59718
A3: standard | B3: 212.51163
A4: Grand Total | B4: 203.312 | I4: Insight:
I6: Students who eat Standard lunch perform better than those on free/reduced lunch.
I8: This shows that students with better financial support at home tend to focus more and get higher marks.
